dx,test,train,val
BCC,0.48091603053435117,0.481234096692112,0.4818702290076336
NV,0.1431297709923664,0.14217557251908397,0.14217557251908397
BKL,0.10400763358778627,0.10400763358778627,0.10305343511450382
SCCKA,0.09064885496183206,0.09001272264631044,0.09064885496183206
MEL,0.08587786259541985,0.08587786259541985,0.08587786259541985
AKIEC,0.05725190839694656,0.05820610687022901,0.05725190839694656
DF,0.01049618320610687,0.009860050890585241,0.009541984732824428
INF,0.009541984732824428,0.009541984732824428,0.009541984732824428
BEN_OTH,0.008587786259541985,0.00826972010178117,0.008587786259541985
VASC,0.008587786259541985,0.008905852417302799,0.009541984732824428
MAL_OTH,0.0009541984732824427,0.0019083969465648854,0.0019083969465648854
